{"cameraMode":{"drawMode":0,"name":"Shaded","section":"Shading Mode"},"sceneLighting":false,"audioPlay":false,"sceneViewState":{"showFog":true,"showMaterialUpdate":false,"showSkybox":false,"showFlares":true,"showImageEffects":true,"showParticleSystems":true},"in2DMode":false,"pivot":{"x":-0.8625161647796631,"y":3.005589008331299,"z":0.7501907348632813},"rotation":{"x":-0.0731869637966156,"y":-0.08189120888710022,"z":0.006019616965204477,"w":-0.9939417243003845},"size":10.378403663635254,"orthographic":false}