{"cameraMode":{"drawMode":0,"name":"Shaded","section":"Shading Mode"},"sceneLighting":true,"audioPlay":false,"sceneViewState":{"showFog":true,"showMaterialUpdate":false,"showSkybox":true,"showFlares":true,"showImageEffects":true,"showParticleSystems":true},"in2DMode":false,"pivot":{"x":13.265113830566407,"y":-14.042716979980469,"z":17.50301742553711},"rotation":{"x":-0.3562122583389282,"y":-0.4203726053237915,"z":0.18394972383975984,"w":-0.8139926195144653},"size":79.43074798583985,"orthographic":false}