{"cameraMode":{"drawMode":0,"name":"Shaded","section":"Shading Mode"},"sceneLighting":true,"audioPlay":false,"sceneViewState":{"showFog":true,"showMaterialUpdate":false,"showSkybox":true,"showFlares":true,"showImageEffects":true,"showParticleSystems":true},"in2DMode":false,"pivot":{"x":21.430694580078126,"y":7.808958053588867,"z":24.107254028320314},"rotation":{"x":-0.28867867588996889,"y":-0.6699822545051575,"z":0.31992313265800478,"w":-0.604531466960907},"size":5.645815372467041,"orthographic":false}