{"cameraMode":{"drawMode":0,"name":"Shaded","section":"Shading Mode"},"sceneLighting":false,"audioPlay":false,"sceneViewState":{"showFog":true,"showMaterialUpdate":false,"showSkybox":false,"showFlares":true,"showImageEffects":true,"showParticleSystems":true},"in2DMode":false,"pivot":{"x":22.888771057128908,"y":-24.475173950195314,"z":5.6828436851501469},"rotation":{"x":-0.2995818257331848,"y":-0.542822003364563,"z":0.21554620563983918,"w":-0.7544229626655579},"size":51.19992446899414,"orthographic":false}