{"cameraMode":{"drawMode":0,"name":"Shaded","section":"Shading Mode"},"sceneLighting":true,"audioPlay":false,"sceneViewState":{"showFog":true,"showMaterialUpdate":false,"showSkybox":true,"showFlares":true,"showImageEffects":true,"showParticleSystems":true},"in2DMode":false,"pivot":{"x":29.980148315429689,"y":-0.06351518630981446,"z":21.029645919799806},"rotation":{"x":-0.11651549488306046,"y":-0.8767702579498291,"z":0.2668958008289337,"w":-0.38273003697395327},"size":17.791837692260743,"orthographic":false}