{"cameraMode":{"drawMode":0,"name":"Shaded","section":"Shading Mode"},"sceneLighting":true,"audioPlay":false,"sceneViewState":{"showFog":true,"showMaterialUpdate":false,"showSkybox":true,"showFlares":true,"showImageEffects":true,"showParticleSystems":true},"in2DMode":false,"pivot":{"x":34.47234344482422,"y":-4.925018310546875,"z":4.681098937988281},"rotation":{"x":-0.3562122583389282,"y":-0.4203726053237915,"z":0.18394972383975984,"w":-0.8139926195144653},"size":86.51467895507813,"orthographic":false}